,worker,less_toxic,more_toxic,less_toxic_enc,more_toxic_enc,pair
2,82," Western Media?

Yup, because every crime in the entire world is caused by the west.  Racists.   ","""Atom you don't believe actual photos of masturbation is sexually explicit photos. I am sorry to say they are sexually explicit and so you said yourself that the disclaimer is used for that purpose. Also, Wikipedia itself is targeted for minors. In addition, you say that Wikipedia does not have child pornography photos. I do believe there is a photo of a real prepubescent child nude (not an illustration) that is in bondage with the title """"Virgin Killer"""". Which recently Wikipedia archived so no more comments could be made. 211.220.23.15  

""",2632,7222,2632-7222
6,52,"""

Hey Dude
Well, I guess you know that TREY and I got blocked for our """"behaviour"""" when dealing with Kd lvr and Kdkatpir2 and that those two are no longer sockpuppets nor meatpuppets.  Which adds to my confusion.  Oh well.  TREY has quit Wikipedia and I no longer helping, reverting, or reporting anyone.  I am going to let them handle it.  Hope you have a good day.... (VT) """," gender neutral 

why is the page called henchmen there are females like Lucy saxon in this page shouldnt it have a gender neutral name like sub-villain  ",5088,3222,5088-3222
9,539," It's just simple Beefcake... 

The recent edit I made to Star Trek: Of Gods and Men was constructive, the film really did suck. I mean Bill Shatner's last record was bad but this... Astral please do not abuse Wikipedia and vandalise the article Star Trek: Of Gods and Men again or you will be banned. Beffcake. BEEFCAKE!"," Hi 

I Hate you. ^_^",1459,1142,1459-1142
23,204,"""

 Adminship 

You have been active for more than a year, have not been blocked, have made more than 10,000 edits, and are active both in articles and project-space.  You should consider running for adminship.

I should warn you that Wikipedia:Articles for deletion/Jeremy Issacharoff (2nd nomination) may come to haunt you in a hypothetical RFA.  Let's compare your nomination to mine:

 Problem 1st nomination 2nd nomination References """"Poorly referenced"""" """"Poorly referenced"""" autobiography """"it may violate the autobiography guideline"""" """"probable autobiography"""" Sockpuppet """"based on evidence at Wikipedia:Suspected sock puppets/Issacharoff """"(see Wikipedia:Suspected sock puppets/Issacharoff and Wikipedia:Suspected sock puppets/Issacharoff (2nd)))"""" 

Notice the similarities?  Notice also that the article was deleted both times?

Now read part of the rationale for an opposition to my last RFA: """"I do not trust with a delete button someone who thinks """"I have not actually read the article but I think it might be autobiographical"""" is a valid deletion reason.""""
 Of course, that was not my full deletion reason.  You should be prepared for opposition the same way I was opposed - for daring to nominate an article that was actually deleted for a valid reason."""," hey 

hey persian gal. i have got a couple of your pubes from when we had some naughty fun back at school.

up 4 cyber?  ",3854,3265,3854-3265
31,381,"""

Ancestry and racial origin are interchangeable and means the same thing. There is no need to play on words, but thank you for the feedback Rossrs, I appreciate yours. As for Mr.Wild, Well wildie she is not 1/4 this or 1/4 that, since when was this theory? Talk about sticking to the topic, You can look at the woman and see she is black! Her father is black! Her mother is part black! . Where is the complexity?? You want to get nitty gritty she mentions black 3 times and Puerto Rican once. That would make her 1/8th Puerto Rican if you want to go so far and that has nothing to do if it's black Puerto Rican lineage or otherwise.There's nothing complicated the only complication are you(zealot editors), who choose to use give blind allegiance to your clan members opinions  other than what is truth then turn around and hide under """"POV-pushing and much to-do over nothing."""" To get off topic a bit, Barack obama was a nigger, NOT nigga, but a Nigger up till Nov 4th or when it became apparent he was to become POTUS no.44. After that he then became mixed, then bi-racial then finally half white ,not half black mind you, but half white. Some person or persons feel very proud that this young lady has a trace of Puerto Rican lineage in her family tree and I have absolutely no objection with that naturally. But its just that,a trace, there is no need for a Puerto rican ascendancy with a link of Puerto Rican actresses and definitely no need to be stating Puerto Rican as a defining characteristic of her. It's trivial for she is far from being Puerto Rican both culturally and genetically. If anything there should be a native Amerindian link. Put the shoe on the other foot and this young lady was four shades lighter and possessed 1/8th African heritage and 'looked' Nordic. Would a link for African American actresses be up there? Would Black be mention first even if she had said it first??? You can bet your ass not! And you know it! I doubt it would even be mentioned. Matter of fact when I'm done here I'm heading over to the John Mccain page to kick up some dusk   for inclusion of his black ancestry, yes sir. And guess what else Mr.wild? I know just what you look like; WHITE. And you know what else Wildly? With your dismissive attitude I am even more certain than ever that you are very much a racist appeaser. Since when are Meagan and Monique black names?? Since when black Americans been naming their children Megan with an A and Monique and other odd/unique looking names or African names, THAT'S SINCE WHEN! Pretend you don't know but don't say it ain't so. Finally Mr.wild you are a liar, I never was notified about anything but too bad I really don't care. What am I going to be blocked for anyway? Tampering? vandalism? Or is it bruising your and your minions dork egos on the discussion page? As said before, zealot freaks with nothing else better to do. I knew all along the article would not be altered but could not resist going up against the Wiki Gestapo.
Masquerading as an encyclopedia, nothing short of a game of Russian roulette with the truth. Too bad though, had I stayed in line I could've joined your clique and earn your biscuits, I mean Awards like your trusted soldier Pinky. BLOCK TILL YOUR HEART IS CONTENT   """,YOU DIRTY FUCKIGN NIGGER. STOP DELETEING MY WORK!!!,4857,12599,4857-12599
34,338," Hi,

I have the whole source of the original article. I have tried many times to restore it but apparently sitush and some editors wont let me do that. They have made it all about polyandry and stupid stuffs like that. Even if you mention reliable source they wont accept. They have even rejected encyclopedia 2008. This is a clear case of jealousy and treachery.",The attempt to delete this article was created in a fit of rage by the editors of this site when they found out that alexa ranks ma higher than their other favorite musical misinformation sites. hahahahahahahahahahahahahahaha!!!! Metal-Archives > wikipedia + every other worthless music site on the web. hahahahahahahahahahahaha!!!!,1160,11766,1160-11766
35,36," November 2006 (UTC)

I've opened Wikipedia:Suspected sock puppets/Cplot but not sure what can be done for anon IP's. 04:44, 30",WHY IS CHRIS 73 - A KNOWN PAEDOPHILE - STILL ALLOWED TO EDIT WIKIPEDIA ??????,1815,12167,1815-12167
45,244,"""
There you go again with your lies, David.   I've asked you many times to show this """"vandalism"""" and many users have wasted their time looking for this vandalism for it based on your accusations, and none has ever been found; because there is none.   You've gone out of your way to continue propogating this falsehood, never once apologizing or providing evidence.  Please, stop the lies David.   People are growing aware of your dishonesty.   (in one instance i accidentally reverted to a  version that had been vandalized and was blocked for it even after i self-reverted)  ""","""

 Comments I was about to add to Talk:Spore (video game) before I was blocked 

Copied from the talk page:

That's nice, but you're still just a vocal, and quite annoying, minority. I've already proven stuff to you on your OWN terms, so please, go with the rest of the group til the game is released in September. Enough is enough. 

Please listen to the administrator and if you have a serious edit dispute, have it moderated.

The fact that you are campaigning, yes, CAMPAIGNING for your point of view after the issues are resolved is bad form. Oh, and by the way, just a hint here: Wiki doesn't tolerate sock puppets. You know what I mean. 
  

Pardon me, but it appears you're being far more vocal than I am on this matter. And you haven't proven anything to me. The only way you can be said to have proven something to me is if I am conviced of it.
I think we're all capable of discussing this without needing moderation.
I don't agree that the issues are resolved. And how am I """"campaigning?"""" I'm trying to facilitate reasonable discussion of the issue, as opposed to your unilateral declaration of """"this is the way it is."""" And if you're going to accuse me of sockpuppetry, you'd better have some hard evidence to back that up (hint: there isn't any), as that's a serious accusation.  (talk|Contribs) """,6574,3954,6574-3954
48,514,"Most crippling surge of vandalism? Crippling vandalism doesn't exist on wikipedia. There is the revert, and the protection. Shut up.  ","""

Kraftlos ADMITS FREELY that he didn't read the news sources on the article. I have repeatedly said that he was a busybody slapping on tags without doing his homework. THAT IS NOT A GOOD FAITH EDIT! That's a self-important I CAN CHANGE ANYTHING ON WIKIPEDIA WITHOUT HAVING HALF A BRAIN edit. With appearances on MTV, membership by Robert Anton Wilson, Ken Kesey, Pee-Wee Herman, and Mark Mothersbaugh of DEVO, as well as references in the New York Times, appearances on Mtv, and numerous recent news articles regarding First Amendment freedoms in the case of Rev. Magdalen. Not only does the article have notability, it has relevance to Wikipedia, freedom of speech and freedom of religion go hand in hand. I repeat, Kraftlos didn't read the news sources on the page before he slapped a tag on it, he didn't have the cultural knowledge to be aware of the media blitz that the Church of the Subgenius recieved in the 90s, and he was so busy slapping tags on the page and defending them that he didn't look up the references ON THE PAGE! I'm justifiably angry! I'll be the first to admit that the Church of the Subgenius article is disorganized and tries to put way too much information in a limited space, with thousands of creative artists in a group its tough to categorize all their work. Were we not a 'joke religion' each individual piece of art that our members have created could merit a page of its own, the Goat's Head of Rev. Magdalen, the Dobbshead (as opposed to """"Bob"""" himself), The Bleeding Head of Arnold Palmer (mentioned in 3 books, a film with high critical ratings and cult exposure and a national magazine that has since gone belly-up, The Stark Fist of Removal, It is at LEAST as relevant as Factsheet Five and 4 chan to modern culture. This is an extreme case of niche editing, an editor who thinks his limited worldview has substance allowing him to edit the articles of another worldview that may or not be equally limited but has a wide-ranging cultural base among a generation. As I stated on the talk page, its like some dork coming along and vfding Joan Baez because he wasn't reading the newspapers in 1965. 71.102.2.128  """,10542,5314,10542-5314
49,728,"""{| class=""""messagebox standard-talk"""" id=""""talkheader"""" align=""""center"""" style=""""background-color: #FFFFEE;""""
|-
! colspan=""""3"""" style=""""border: 1px solid #C0C090; background-color:#F8EABA; text-align:center;"""" |
This is 's talk page, where you can send messages and comments to . 
|-
|align=""""center""""|
| style=""""background-color: #FFFFEE;"""" |
 Please sign and date your posts by typing four tildes  (~~~~).
 Put new text under old text, but please don't create a new section if a relevant one already exists, even if there is older discussion below. Click here to start a new section.
 New to Wikipedia? Welcome! Ask questions, get answers.
 I will attempt to respond to your talk page whenever possible. If you prefer to respond to me on your own talk page, please leave me a note telling to to refer there, such as Template:Talkback. Otherwise, I might not check your talk page for a while. If a third party gets involved, it will go to hell quickly and get confusing, so we might want to try a centrallized discussion page.
 If you're here to be uncivil or a dick, you may as well not bother. I won't be able to respect a message that insults me, so don't waste your time. If you are unhappy with something I've done, then address your concerns to me in a manner that begets mutual respect; you're more likely to get what you want like that.
 I'm not an administrator, and can't help you with anything like that. If you need help, try here.
 I have talk page stalkers who may address you before I can. Please respect them and thier comments.

| style=""""margin: 0px; background-color: #F8EABA; border: 1px solid #C0C090; """" |
Be polite
Assume good faith
No personal attacks
Be welcoming
|}""","Sorry
I am sorry for the attacks i made. All i want is a nice blowjob. I was hopping you would give me one. And also sorry to wiooiw. His was really fast. he also might like a blowjob or two from you. I bet you are really good at them.206.217.211.117  ",7495,11464,7495-11464
50,728," 

I'M GOING TO RIP OFF YOUR TESTICLES THEN SHOVE THEM DOWN YOUR THROAT.",how do u like this u fucking dickass william,9,13529,9-13529
55,398,Who are the personal attacks directed at?  Did you read beyond 'stupid'?  Did you read enough to see where I said that THE IMAGE IS A STUPID IMAGE AND A POOR CHOICE BECAUSE EVEN THE CREATOR OF THE IMAGE SAID HE ONLY DID IT BECAUSE IT LOOKED COOL? 68.114.130.234  ,"""
Jayjg this is nonsense. You are misquoting the subject. Milliband didn't simply say """"I'm Jewish"""", he said """"“Obviously I'm Jewish, it is part of my identity, but not in a religious sense."""" Milliband recognised that simply saying """"I'm Jewish"""" would lead many hearers to make a religious assumption, so he qualified it. You say """"but saying you are Jewish doesn't imply religiousness"""" and I immediately accusing you of doing exactly what you accuse others of doing - imposing your meaning of what """"Jewish"""" means. That's what you said was original research, isn't it? Milliband obviously recognised that simply saying """"I'm Jewish"""" would mislead at least some hearers into making a religious assumption - which is why qualified his self-identity. Now if you label him as """"Jewish"""" - and stick him in an unqualified Jewish box, you leave open the very misinterpretation that he was at pains to exclude. And you do it by saying """"here is how I define Judish identity"""" and worse by ignoring the fact that some/many people hearing """"Jewish"""" don't share your preconception. The subject has said what the subject has said. We should record it. We should not qualify it, truncate it, ignore it - or say """"your fears of misinterpretation are ill-founded, and thus your qualification unnecessary"""".Scott Mac """,12403,6397,12403-6397
57,382,you think im stupid or smth? quit using this ip for vandalism or we'll be both blocked., im a fucking cunt!  =],14174,3353,14174-3353
58,49,"Who cares? Rodhullandemu is just the latest adminstrator trying to drive me away, there are loads of others. Nobody cares about honesty.  Fatuorum ",". I ONLY POSTED FACTS I NEVER WROTE HE IS THE WORST PLAYER ETC. I POSTED FACTS EXPLAIN HOW THAT IS BIAS. DAMN I'M SICK OF THESE COMPLAINTS AND DELETION OF MY POSTS. I NEVER DELETED ANY KOBE RAPE CRAP. DID YOU SEE ME DELETE THAT?? I MIGHT HAVE ADDED, THOUGH HE WAS NOT FOUND GUILTY BUT I NEVER DELETED THAT STUFF AND IF I DID I DIDN'T DO IT OVER AND OVER AGAIN. NOW PEOPLE DELETE SOME STUFF OFF MVP CANDIDACY FOR HIM OVER AND OVER AGAIN. DAMN YOU GUYS ARE HORRIBLE AND SO ARE SOME OF THE ADMINS ON THIS SITE BECAUSE THEY JUST SINGLE OUT SOME PEOPLE FOR NO REASON",12407,7660,12407-7660
59,204,.  No repsonse just carry on destroying the wiki project you miserable half person,", and this is nothing but a bald-faced strawmanning of society's legitimate concerns with sexual abuse of animals",7648,7584,7648-7584
64,720,"""
I appreciate your thoughts. However, sadly I think my """"opponents"""" appreciate WP policies only too well. The policies are the problem. All they have to do is repeat the same crap over and over, ignoring the logic, any discredited scientist (Gould?) as a source will do, and the moment I say """"no, you're an idiot"""", content ignorant admins will block me. Hence, WP will go to whoever is willing to repeat themself enough. Cheers!   ""","CaliforniaAliBaba is a Bitch
Go fuck yourself you bitch ass motherfucker. Don't you ever in your fucking life threatening me you fucking piece of shit you. You don't know me I will fucking kill your ass you punk pussy bitch. tell your mama to suck my black dick.  ",6278,8286,6278-8286
70,336,"""
I thought that bit was the most agreeable part. All kidding aside: People who would lose all respect for someone else based on one outburst deserve no respect themselves in turn (i.e. """"outburst"""" doesn't include going on an RL killling spree or the like of course). I'm still that same guy, sometimes full of shit (includes humor), sometimes with some or even much professional attitude. Maybe I needed it. Maybe not. I like to think that I had to get out some things. And since I'm not the least bit interested in joining WR or another of those places, I had to do it here. And instead of doing it latently, I now got all that out of my system in one outburst. You see, when I usually comment e.g. on what I perceive as a bad-faith RfA oppose, I was constantly holding back, trying to stick to the rules (most of the time anyway). But that sticking to the rules is a rotten """"primary directive"""", and calling spade spade is even more necessary, because it's simply more accurate. And to do it in the form of an alc-induced (or rather, triggered) outburst affords a good option for everyone to ignore the content of what I said, as opposed to constantly complaining about this editor or that comment.

On the other hand: The way things turned out on my initial (very civil, let's not forget that!) posting to AN/I was yet another clear message of how cronyism rules the upper echelons. — Dorftrottel⁠ ""","""

  It is suspected that this user might be a sock puppet or impersonator of .Please refer to Wikipedia:Requests for comment/Braaad for evidence. See [ block log]

""",6330,3768,6330-3768
15863,720," Thank You 

Hey Nishkid I really appreciate the unblock.  Once again I apologize for any vandalism I caused on user pages and I have read Wikipedia's user policy.  Thank You!!!  "," cease and desist 
Toddst1 consider this a cease and desist notice.  I am not a sock, troll or vandel.  You have failed to provide evidence to your assumtions.  Please stay away from me and off my talk page.  No further notice is needed.  24.52.237.81  ",2328,3118,2328-3118
15871,285,"Dear Baba: Your words are wise. But I am sorry for not sharing your optimism. I prefer not to have my back to Muslims. My best Muslim friends turned against me once I told them I am out. They were not just ignorant Muslims but doctors and professors. Many of them subtly expressed their desire to see me dead, even though no one actually threatened me. I saw it wise to move to another country and keep my whereabouts guarded. I think I can do without Muslim cooperation and have little need for their friendship. They will stab their best friends in the back. I do not trust their smiles and offers of friendship. That is called Taqiyyah (the art of deception or what they term as “diplomacy”). That is their way to lull you into a false sense of security. Sorry BYT, nothing personal my friend. Once you leave Islam you will understand everything I say and I would love to sit and share our experiences while sipping our cold beers. I played that game of deception too without even thinking about it or being conscious of it. I too got involved into censoring facts about Islam just as Anonymous Editor so zealotry doing here. I wrote articles lying about Islam to present a false image of it, without even thinking this is dishonest. All notions of good and bad faded. All that mattered was da’wa. It was so natural to lie and all seemed so okay. I don’t dislike the Muslim converts here. I feel sympathy for them as I see myself in them. I hope that they too wake up and see the truth. What they do not know is that they have become agents of evil.OceanSplash14.Dec. 2005 02:48","Did you know that out of 10 million people, all of them said that both Dylan and Cole Sprouse are gay. The funny thing is that all the people asked found they are both equally gay. In fact all the people who like they are probably gay themselves who also like Hannah Montana. I bet you didn't know that",8441,8485,8441-8485
15874,410,"""

@Reaper Eternal: Because Shii has been abusing his power there at Wikipedia and deserves to be treated like everyone else. POD and Shiithead are extremely biased against Mardyks because he wants the truth about 2012 to be known and they have another agenda which Mardyks keeps calling them out on. Shiithead has made comments such as """"invoking Mardyks in a dark mirror and having your soul eaten"""". Very abusive fellow for a claimed Buddhist and Wiki ad. Search the records. Star Heart""","As an outside observer, I can tell you Ann had every right to revert your placement of the RfA on two points: 1. it is was inappropriate, unnecessary and provocative of you to place it in the first place. 2. AfD is the incorrect place to take userpages. Articles go to Articles for Deletion, user pages, sub pages etc go to MfD. That person's userpage is on my watchlist and I will also revert placement of tags on it. Please just let it be. Also, please don't make silly Arbitration threats...it just diminishes your credibility.  (Talk) ",4805,8058,4805-8058
15876,702,"""
 What is an ANI???  If it's another terrible no-talent Western rock group like Coldplay, moaning in the singing voices of castrated schoolboys about """"Jello,"""" then please spare me the introduction.  I know great music, great Soviet music of beautiful voice women and deep voice strong men, and Coldplay is incapable of creating any faximile of it.
  ""","Vandalizing ==

Stop undoing things",6085,12117,6085-12117
15880,272," LUL, THANKS FOR REVERTING THE VANDALISM THAT WAS DONE TO MY TALK PAGE.  UU RULE   ","""
I think that someone is being a little silly and saying that because one vegetarian did not eat grains, etc. it is necessary to define it as optional. I think that this is wrong, because:
Nobody claims that nuts and grains are not vegetable.
I have not heard anyone claim that a diet of nuts and seeds is non-vegetarian.
If we include this we would have to add lots of other exclusions, for example many Jains don't eat root vegetables, some Hindu groups avoid """"hot"""" ([[Guna|rajistic]) foods such as chili, pepper, mustard, etc. 
I will restore your edit.    """,1567,6327,1567-6327
15886,679,do you get some kinnda rise out of deleting peoples pages? you little nerd mess off,"Vandalism on Muhammad page

Perhaps that was the wrong way to deal with it, but  ",13323,12111,13323-12111
15888,8,You've completely ignored the precedent and the reasoning behind the name Cork City FORAS Co-op being used on this page and continue to make the same edit which is not supported by the references on the page. You're obviously determined to pretend that you didn't let your club die and rewrite history. You should be banned for vandalism.   ," SUP NIGGA 

I WUZ JUS CHILLIN WIT MY OG'S ON DA WEST SIDE NIGGA, YO JIGABOO BLOCKED MY CRACKA ASS, DA WU TANG AIN'T NUTTIN TA FUCK WIT BIOTCH",13052,2127,13052-2127
15889,626,people suck go eff a duck,sarah palin is an ass kissing mother fucking loser with a melon in her hair. she sucks eggs that are from her brain-yuck stupid!- she is a bitch there i said it she is a sucker with a big bitch thing and a bitchy attitude about life. she is horribly radical with religion she is a fucker stupid idiot with fucking shit in here face,13778,13824,13778-13824
15891,25,"""

 Ahhh.. the """"falsifier"""" 
 new IP, same bizarre modus operandi.  """," look idiot 

all your changes will be taken away now.",3861,3398,3861-3398
